{"cameraMode":{"drawMode":0,"name":"Shaded","section":"Shading Mode"},"sceneLighting":true,"audioPlay":false,"sceneViewState":{"m_AlwaysRefresh":false,"showFog":true,"showSkybox":true,"showFlares":true,"showImageEffects":true,"showParticleSystems":true,"showVisualEffectGraphs":true,"m_FxEnabled":true},"in2DMode":false,"pivot":{"x":0.41741517186164858,"y":-0.22035959362983704,"z":-1.2936228513717652},"rotation":{"x":-0.1080966666340828,"y":-0.00686194421723485,"z":0.0007484155939891934,"w":-0.9941259622573853},"size":4.371898174285889,"orthographic":true}